team_name,confederation,elo_rating,elo_external,fifa_rank,squad_value_eur,gdp_per_capita_usd,population_millions,world_cups_won,wc_appearances,culture_index,structural_strength,matches_played,historical_win_rate,avg_goals_for,avg_goals_against,recent_form,is_host_2026
France,UEFA,2021.6,2021.6,3,1200000000.0,40494.0,68.0,2,43,3.455,8.192,454,0.626,1.872,0.749,1.682,0
Argentina,CONMEBOL,2020.0,2020.0,2,780000000.0,13651.0,46.0,3,50,3.813,8.382,471,0.599,1.828,0.837,2.174,0
Spain,UEFA,1996.5,1996.5,8,980000000.0,30103.0,48.0,1,42,3.335,7.753,443,0.664,2.199,0.731,1.761,0
Brazil,CONMEBOL,1990.2,1990.2,1,950000000.0,8917.0,215.0,5,56,4.042,9.093,534,0.644,2.133,0.753,1.248,0
England,UEFA,1956.6,1956.6,4,1400000000.0,45230.0,56.0,1,43,3.277,7.693,433,0.575,1.866,0.751,1.792,0
Netherlands,UEFA,1924.1,1924.1,7,680000000.0,52100.0,18.0,0,43,3.188,6.95,428,0.572,2.072,0.871,1.535,0
Portugal,UEFA,1915.0,1915.0,6,520000000.0,24515.0,10.0,0,29,2.438,5.662,416,0.579,2.01,0.788,1.473,0
Colombia,CONMEBOL,1909.1,1909.1,12,220000000.0,6632.0,52.0,0,22,2.059,5.096,454,0.452,1.335,0.91,0.994,0
Belgium,UEFA,1906.0,1906.0,5,450000000.0,49926.0,12.0,0,33,2.621,5.907,377,0.517,1.857,1.05,1.989,0
Japan,AFC,1890.1,1890.1,18,280000000.0,33815.0,125.0,0,29,2.37,5.813,527,0.539,1.924,0.945,1.038,0
Germany,UEFA,1887.6,1887.6,13,900000000.0,48756.0,84.0,4,55,3.71,8.027,485,0.602,2.216,1.025,1.597,0
Morocco,CAF,1878.2,1878.2,16,250000000.0,3800.0,37.0,0,20,1.871,4.659,408,0.544,1.586,0.691,1.498,0
Mexico,CONCACAF,1855.3,1855.3,15,180000000.0,11496.0,130.0,0,34,2.534,6.074,659,0.519,1.703,0.982,1.078,1
Croatia,UEFA,1848.5,1848.5,10,280000000.0,18500.0,4.0,0,33,2.463,5.049,381,0.53,1.711,0.979,0.758,0
Iran,AFC,1834.3,1834.3,20,95000000.0,4120.0,88.0,0,18,1.648,4.026,455,0.58,1.952,0.76,0.923,0
Uruguay,CONMEBOL,1825.7,1825.7,11,180000000.0,20795.0,3.5,2,29,2.194,4.477,425,0.431,1.459,1.106,-0.092,0
Ecuador,CONMEBOL,1823.2,1823.2,28,120000000.0,6400.0,18.0,0,16,1.513,3.663,412,0.379,1.289,1.16,0.6,0
Switzerland,UEFA,1815.2,1815.2,17,220000000.0,92000.0,9.0,0,26,2.009,4.523,384,0.458,1.63,1.076,1.274,0
Senegal,CAF,1814.8,1814.8,19,200000000.0,1600.0,17.0,0,15,1.439,3.586,419,0.477,1.442,0.878,1.345,0
Italy,UEFA,1810.7,1810.7,9,750000000.0,34776.0,59.0,4,36,2.515,5.864,433,0.54,1.603,0.815,0.916,0
Australia,AFC,1807.8,1807.8,23,120000000.0,64400.0,26.0,0,20,1.679,4.032,385,0.532,1.966,0.904,0.447,0
South Korea,OTHER,1802.5,1802.5,100,50000000.0,5000.0,10.0,0,36,2.493,4.88,557,0.492,1.627,0.919,0.433,0
Algeria,CAF,1799.6,1799.6,36,90000000.0,4300.0,45.0,0,10,1.138,3.066,396,0.497,1.626,0.955,1.39,0
Denmark,UEFA,1785.0,1785.0,21,350000000.0,68000.0,6.0,0,19,1.564,3.899,392,0.497,1.592,0.946,1.116,0
Norway,UEFA,1779.6,1779.6,38,200000000.0,89000.0,5.5,0,11,1.135,3.168,398,0.472,1.606,0.987,1.734,0
United States,OTHER,1774.6,1774.6,100,50000000.0,5000.0,10.0,0,33,2.261,4.472,621,0.49,1.605,1.032,0.369,0
Egypt,CAF,1770.5,1770.5,37,85000000.0,3600.0,110.0,0,9,1.007,2.839,513,0.513,1.616,0.883,0.348,0
Canada,CONCACAF,1764.8,1764.8,26,150000000.0,52000.0,40.0,0,7,0.887,3.236,335,0.412,1.4,1.185,1.107,1
Ivory Coast,CAF,1749.7,1749.7,48,220000000.0,2500.0,28.0,0,13,1.157,3.078,416,0.526,1.659,0.911,1.07,0
Russia,UEFA,1748.1,1748.1,55,280000000.0,12000.0,146.0,0,17,1.36,3.742,388,0.49,1.711,0.974,1.739,0
Ukraine,UEFA,1741.4,1741.4,27,180000000.0,4500.0,37.0,0,5,0.72,2.452,335,0.448,1.394,1.063,-0.122,0
Turkey,UEFA,1740.7,1740.7,25,320000000.0,10600.0,85.0,0,10,0.977,3.123,400,0.458,1.522,1.188,0.761,0
Austria,UEFA,1739.0,1739.0,24,200000000.0,52000.0,9.0,0,9,0.92,2.765,345,0.417,1.568,1.325,1.437,0
Nigeria,CAF,1729.7,1729.7,45,180000000.0,2200.0,220.0,0,21,1.516,3.717,418,0.493,1.507,0.9,1.181,0
Paraguay,CONMEBOL,1724.5,1724.5,31,95000000.0,5800.0,7.0,0,20,1.45,2.994,400,0.34,1.12,1.208,0.213,0
Costa Rica,CONCACAF,1703.5,1703.5,44,45000000.0,12500.0,5.2,0,21,1.445,2.691,515,0.394,1.439,1.212,0.115,0
Jersey,OTHER,1699.3,1699.3,100,50000000.0,5000.0,10.0,0,0,0.346,1.693,122,0.68,2.525,0.992,1.163,0
Padania,OTHER,1699.2,1699.2,100,50000000.0,5000.0,10.0,0,0,0.345,1.693,45,0.667,2.689,0.8,1.467,0
Sweden,UEFA,1693.9,1693.9,24,280000000.0,33388.0,10.25,0,27,1.729,3.598,464,0.481,1.597,1.028,-0.174,0
DR Congo,CAF,1693.2,1693.2,41,135000000.0,3050.0,35.0,0,3,0.484,1.912,345,0.362,1.29,1.099,0.689,0
Poland,UEFA,1692.8,1692.8,34,280000000.0,18000.0,38.0,0,13,1.001,2.881,445,0.443,1.546,1.155,0.111,0
Panama,CONCACAF,1691.1,1691.1,39,35000000.0,15500.0,4.4,0,6,0.634,1.547,405,0.365,1.237,1.323,0.063,0
Chile,CONMEBOL,1686.7,1686.7,33,85000000.0,15500.0,19.0,0,12,0.932,2.322,424,0.408,1.375,1.212,-0.182,0
Mali,CAF,1686.2,1686.2,41,135000000.0,3050.0,35.0,0,0,0.31,1.644,385,0.416,1.294,1.005,0.521,0
Uzbekistan,AFC,1686.2,1686.2,23,120000000.0,33147.0,44.0,0,3,0.465,2.031,357,0.473,1.723,1.134,-0.464,0
Serbia,UEFA,1685.4,1685.4,30,350000000.0,9500.0,7.0,0,16,1.136,2.867,347,0.447,1.527,1.089,-0.851,0
Cameroon,CAF,1677.4,1677.4,50,120000000.0,1600.0,28.0,0,23,1.477,3.027,429,0.434,1.296,0.944,0.623,0
Guernsey,OTHER,1677.2,1677.2,100,50000000.0,5000.0,10.0,0,0,0.285,1.53,113,0.566,2.416,1.097,0.803,0
Scotland,UEFA,1675.2,1675.2,29,150000000.0,48000.0,5.5,0,9,0.746,2.158,335,0.424,1.26,1.173,0.496,0
Peru,CONMEBOL,1672.3,1672.3,40,75000000.0,7100.0,34.0,0,3,0.427,1.542,389,0.326,1.093,1.278,-0.742,0
Tunisia,CAF,1671.8,1671.8,32,65000000.0,3800.0,12.0,0,18,1.203,2.399,457,0.464,1.484,0.917,-0.392,0
New Zealand,OFC,1671.7,1671.7,56,25000000.0,48000.0,5.2,0,6,0.581,1.393,237,0.38,1.519,1.338,-0.299,0
Czech Republic,UEFA,1666.5,1666.5,43,180000000.0,27000.0,10.5,0,6,0.566,1.968,363,0.526,1.777,1.03,0.569,0
Saudi Arabia,AFC,1660.6,1660.6,49,320000000.0,28000.0,36.0,0,22,1.379,3.344,580,0.49,1.569,1.021,-0.355,0
Ghana,CAF,1657.8,1657.8,51,150000000.0,2400.0,33.0,0,18,1.164,2.637,422,0.431,1.329,1.021,-0.001,0
Jordan,AFC,1654.6,1654.6,23,120000000.0,33147.0,44.0,0,3,0.378,1.788,430,0.388,1.337,1.033,-0.462,0
Greece,UEFA,1654.4,1654.4,24,280000000.0,33388.0,10.25,0,10,0.74,2.16,380,0.458,1.295,0.995,0.295,0
United Arab Emirates,AFC,1650.6,1650.6,23,120000000.0,33147.0,44.0,0,3,0.368,1.758,488,0.408,1.43,1.18,0.144,0
Venezuela,CONMEBOL,1647.8,1647.8,53,45000000.0,3400.0,28.0,0,0,0.205,0.928,367,0.275,1.068,1.662,-0.381,0
Iraq,AFC,1644.7,1644.7,54,55000000.0,5800.0,44.0,0,3,0.351,1.242,436,0.429,1.44,1.034,-0.659,0
South Africa,CAF,1642.5,1642.5,57,65000000.0,6500.0,60.0,0,13,0.863,2.038,458,0.432,1.242,0.9,0.326,0
Wales,UEFA,1641.2,1641.2,35,120000000.0,32000.0,3.2,0,3,0.342,1.389,309,0.372,1.175,1.227,0.362,0
Hungary,UEFA,1639.5,1639.5,47,280000000.0,18500.0,9.7,0,0,0.182,1.467,374,0.393,1.369,1.342,-0.028,0
Burkina Faso,CAF,1636.6,1636.6,41,135000000.0,3050.0,35.0,0,0,0.174,1.266,373,0.362,1.244,1.204,0.83,0
Jamaica,CONCACAF,1634.6,1634.6,26,150000000.0,15500.0,40.0,0,3,0.324,1.58,512,0.418,1.391,1.172,0.443,0
Republic of Ireland,UEFA,1634.5,1634.5,46,120000000.0,102000.0,5.2,0,13,0.841,2.089,379,0.406,1.34,0.955,0.483,0
Iraqi Kurdistan,OTHER,1634.4,1634.4,100,50000000.0,5000.0,10.0,0,0,0.168,1.213,27,0.481,2.259,1.0,1.312,0
Occitania,OTHER,1634.1,1634.1,100,50000000.0,5000.0,10.0,0,0,0.167,1.211,33,0.576,3.121,1.152,2.415,0
Haiti,CONCACAF,1633.4,1633.4,26,150000000.0,15500.0,40.0,0,3,0.32,1.571,302,0.407,1.709,1.358,-0.017,0
Slovakia,UEFA,1628.5,1628.5,41,95000000.0,21000.0,5.5,0,4,0.359,1.3,353,0.414,1.408,1.184,-0.057,0
Honduras,CONCACAF,1625.8,1625.8,26,150000000.0,15500.0,40.0,0,6,0.455,1.729,467,0.405,1.52,1.246,-0.014,0
Northern Cyprus,OTHER,1618.8,1618.8,100,50000000.0,5000.0,10.0,0,0,0.125,1.098,31,0.645,3.161,0.742,1.858,0
Isle of Man,OTHER,1617.9,1617.9,100,50000000.0,5000.0,10.0,0,0,0.123,1.091,58,0.603,3.207,1.5,2.758,0
New Caledonia,OTHER,1608.3,1608.3,100,50000000.0,5000.0,10.0,0,0,0.096,1.02,152,0.461,2.572,1.355,0.892,0
Romania,UEFA,1606.3,1606.3,24,280000000.0,33388.0,10.25,0,13,0.764,2.007,395,0.489,1.628,0.995,0.546,0
Cape Verde,OTHER,1601.5,1601.5,100,50000000.0,5000.0,10.0,0,3,0.233,1.172,203,0.394,1.123,1.059,0.287,0
Syria,AFC,1600.5,1600.5,23,120000000.0,33147.0,44.0,0,0,0.075,1.158,371,0.361,1.507,1.261,0.473,0
Oman,AFC,1598.5,1598.5,23,120000000.0,33147.0,44.0,0,0,0.069,1.142,476,0.418,1.384,1.071,-0.346,0
Guatemala,CONCACAF,1597.0,1597.0,26,150000000.0,15500.0,40.0,0,0,0.065,1.076,364,0.363,1.324,1.272,-0.995,0
Slovenia,UEFA,1596.8,1596.8,24,280000000.0,33388.0,10.25,0,6,0.376,1.465,317,0.36,1.237,1.174,-0.305,0
Basque Country,OTHER,1596.7,1596.7,100,50000000.0,5000.0,10.0,0,0,0.065,0.934,34,0.618,2.353,1.059,2.162,0
Réunion,OTHER,1583.5,1583.5,100,50000000.0,5000.0,10.0,0,0,0.028,0.837,58,0.586,1.862,0.69,0.114,0
Yugoslavia,OTHER,1579.8,1579.8,100,50000000.0,5000.0,10.0,0,5,0.277,1.147,22,0.455,1.682,1.045,0.642,0
Czechoslovakia,OTHER,1578.7,1578.7,100,50000000.0,5000.0,10.0,0,5,0.274,1.138,40,0.4,1.575,1.1,0.757,0
Guinea,OTHER,1575.4,1575.4,100,50000000.0,5000.0,10.0,0,0,0.006,0.777,306,0.379,1.314,1.183,0.362,0
Palestine,AFC,1575.1,1575.1,23,120000000.0,33147.0,44.0,0,0,0.005,0.963,224,0.308,1.317,1.317,-0.424,0
Bolivia,CONMEBOL,1574.1,1574.1,52,25000000.0,3600.0,12.0,0,3,0.158,0.363,356,0.219,1.0,1.716,-1.264,0
Isle of Wight,OTHER,1573.9,1573.9,100,50000000.0,5000.0,10.0,0,0,0.002,0.766,48,0.542,2.354,1.25,0.748,0
Bosnia and Herzegovina,UEFA,1568.3,1568.3,24,280000000.0,33388.0,10.25,0,6,0.298,1.254,286,0.367,1.374,1.378,0.228,0
China,OTHER,1567.3,1567.3,100,50000000.0,5000.0,10.0,0,3,0.139,0.919,444,0.441,1.673,1.088,-0.333,0
Guadeloupe,OTHER,1566.8,1566.8,100,50000000.0,5000.0,10.0,0,0,-0.017,0.714,171,0.468,1.819,1.269,0.378,0
Curaçao,CONCACAF,1565.7,1565.7,26,150000000.0,15500.0,40.0,0,3,0.135,1.054,179,0.318,1.52,1.503,-0.152,0
Kosovo,UEFA,1565.4,1565.4,24,280000000.0,33388.0,10.25,0,0,-0.021,0.828,104,0.404,1.462,1.337,0.753,0
Ynys Môn,OTHER,1562.9,1562.9,100,50000000.0,5000.0,10.0,0,0,-0.028,0.685,63,0.54,1.841,1.365,1.015,0
Catalonia,OTHER,1558.9,1558.9,100,50000000.0,5000.0,10.0,0,0,-0.039,0.655,25,0.48,1.96,1.2,0.696,0
Martinique,OTHER,1558.6,1558.6,100,50000000.0,5000.0,10.0,0,0,-0.04,0.653,215,0.423,1.619,1.279,-0.488,0
Qatar,AFC,1557.0,1557.0,42,15000000.0,88000.0,2.9,0,6,0.267,0.401,504,0.425,1.48,1.157,-1.065,0
Suriname,OTHER,1556.7,1556.7,100,50000000.0,5000.0,10.0,0,0,-0.045,0.639,189,0.397,1.593,1.36,0.111,0
Abkhazia,OTHER,1556.7,1556.7,100,50000000.0,5000.0,10.0,0,0,-0.045,0.639,33,0.455,1.636,0.788,0.851,0
Thailand,AFC,1555.1,1555.1,23,120000000.0,33147.0,44.0,0,0,-0.049,0.81,458,0.469,1.812,1.229,1.41,0
Bahrain,AFC,1553.6,1553.6,23,120000000.0,33147.0,44.0,0,0,-0.053,0.798,463,0.378,1.292,1.153,-0.652,0
Kernow,OTHER,1552.2,1552.2,100,50000000.0,5000.0,10.0,0,0,-0.057,0.606,9,0.778,2.889,0.889,1.214,0
Zambia,CAF,1551.6,1551.6,41,135000000.0,3050.0,35.0,0,0,-0.059,0.619,509,0.424,1.305,0.978,-1.222,0
Trinidad and Tobago,CONCACAF,1551.5,1551.5,26,150000000.0,15500.0,40.0,0,3,0.096,0.945,461,0.408,1.586,1.369,-1.074,0
North Korea,OTHER,1550.5,1550.5,100,50000000.0,5000.0,10.0,0,3,0.093,0.795,275,0.367,1.48,1.185,-0.649,0
Israel,UEFA,1549.3,1549.3,24,280000000.0,33388.0,10.25,0,0,-0.065,0.708,308,0.383,1.542,1.494,-0.143,0
Sápmi,OTHER,1547.3,1547.3,100,50000000.0,5000.0,10.0,0,0,-0.071,0.569,29,0.414,3.103,1.862,-1.114,0
Georgia,UEFA,1546.5,1546.5,24,280000000.0,33388.0,10.25,0,0,-0.073,0.688,306,0.324,1.235,1.408,0.222,0
Albania,UEFA,1545.7,1545.7,24,280000000.0,33388.0,10.25,0,0,-0.075,0.682,311,0.312,1.013,1.312,-0.136,0
Finland,UEFA,1545.5,1545.5,24,280000000.0,33388.0,10.25,0,0,-0.076,0.68,396,0.338,1.164,1.278,-0.74,0
Panjab,OTHER,1545.5,1545.5,100,50000000.0,5000.0,10.0,0,0,-0.075,0.556,19,0.474,2.842,1.579,2.058,0
French Guiana,OTHER,1544.9,1544.9,100,50000000.0,5000.0,10.0,0,0,-0.077,0.551,136,0.338,1.574,1.463,-0.11,0
Angola,OTHER,1543.9,1543.9,100,50000000.0,5000.0,10.0,0,3,0.076,0.747,350,0.349,1.16,1.003,0.301,0
Gabon,OTHER,1541.9,1541.9,100,50000000.0,5000.0,10.0,0,0,-0.085,0.53,313,0.371,1.182,1.096,-0.013,0
Menorca,OTHER,1539.6,1539.6,100,50000000.0,5000.0,10.0,0,0,-0.092,0.512,25,0.44,2.24,1.28,-0.221,0
Tahiti,OTHER,1539.4,1539.4,100,50000000.0,5000.0,10.0,0,0,-0.092,0.511,144,0.5,2.375,1.604,0.359,0
Iceland,UEFA,1538.9,1538.9,24,280000000.0,33388.0,10.25,0,3,0.062,0.834,367,0.332,1.259,1.482,-0.723,0
Uganda,OTHER,1538.0,1538.0,100,50000000.0,5000.0,10.0,0,0,-0.096,0.501,405,0.39,1.222,0.99,-0.269,0
Ellan Vannin,OTHER,1537.9,1537.9,100,50000000.0,5000.0,10.0,0,0,-0.096,0.5,22,0.5,2.455,1.455,0.489,0
Andalusia,OTHER,1537.6,1537.6,100,50000000.0,5000.0,10.0,0,0,-0.097,0.498,12,0.667,2.0,0.833,1.053,0
Fiji,OTHER,1537.5,1537.5,100,50000000.0,5000.0,10.0,0,0,-0.098,0.497,178,0.483,2.348,1.258,-1.069,0
Kárpátalja,OTHER,1534.6,1534.6,100,50000000.0,5000.0,10.0,0,0,-0.105,0.475,11,0.455,2.273,1.182,1.328,0
Northern Ireland,OTHER,1532.9,1532.9,100,50000000.0,5000.0,10.0,0,0,-0.11,0.463,305,0.298,1.0,1.285,-0.113,0
Rhodes,OTHER,1531.2,1531.2,100,50000000.0,5000.0,10.0,0,0,-0.115,0.45,18,0.611,1.611,1.056,0.33,0
Yorkshire,OTHER,1528.6,1528.6,100,50000000.0,5000.0,10.0,0,0,-0.122,0.431,7,0.714,3.857,1.571,2.127,0
County of Nice,OTHER,1527.9,1527.9,100,50000000.0,5000.0,10.0,0,0,-0.124,0.426,9,0.667,2.111,1.444,0.692,0
North Macedonia,UEFA,1526.6,1526.6,24,280000000.0,33388.0,10.25,0,0,-0.127,0.541,306,0.31,1.193,1.346,-0.396,0
Tamil Eelam,OTHER,1526.4,1526.4,100,50000000.0,5000.0,10.0,0,0,-0.128,0.415,28,0.571,2.571,2.179,3.055,0
Zanzibar,OTHER,1524.0,1524.0,100,50000000.0,5000.0,10.0,0,0,-0.135,0.397,102,0.314,1.108,1.373,0.499,0
Artsakh,OTHER,1522.9,1522.9,100,50000000.0,5000.0,10.0,0,0,-0.138,0.389,11,0.545,2.909,1.273,0.289,0
Kurdistan,OTHER,1522.8,1522.8,100,50000000.0,5000.0,10.0,0,0,-0.138,0.388,5,0.8,2.4,0.4,2.267,0
Chameria,OTHER,1521.2,1521.2,100,50000000.0,5000.0,10.0,0,0,-0.142,0.376,7,0.429,2.0,1.143,0.566,0
German DR,OTHER,1519.3,1519.3,100,50000000.0,5000.0,10.0,0,0,-0.147,0.362,7,0.714,1.857,1.286,0.695,0
El Salvador,CONCACAF,1518.6,1518.6,26,150000000.0,15500.0,40.0,0,0,-0.149,0.478,408,0.299,1.105,1.439,-0.506,0
Benin,OTHER,1518.4,1518.4,100,50000000.0,5000.0,10.0,0,0,-0.15,0.356,242,0.264,1.008,1.57,-0.614,0
Quebec,OTHER,1518.3,1518.3,100,50000000.0,5000.0,10.0,0,0,-0.15,0.355,3,0.667,8.0,0.667,7.305,0
Arameans Suryoye,OTHER,1517.5,1517.5,100,50000000.0,5000.0,10.0,0,0,-0.152,0.349,10,0.5,1.6,1.2,0.593,0
Cascadia,OTHER,1517.3,1517.3,100,50000000.0,5000.0,10.0,0,0,-0.153,0.347,7,0.571,3.286,2.0,1.496,0
Western Armenia,OTHER,1513.9,1513.9,100,50000000.0,5000.0,10.0,0,0,-0.162,0.322,16,0.312,2.125,1.25,0.679,0
United Koreans in Japan,OTHER,1511.8,1511.8,100,50000000.0,5000.0,10.0,0,0,-0.168,0.307,12,0.25,1.667,0.917,0.709,0
Libya,OTHER,1509.0,1509.0,100,50000000.0,5000.0,10.0,0,0,-0.175,0.286,248,0.359,1.157,1.181,0.229,0
Maule Sur,OTHER,1508.2,1508.2,100,50000000.0,5000.0,10.0,0,0,-0.178,0.28,2,1.0,1.0,0.0,1.0,0
Elba Island,OTHER,1508.1,1508.1,100,50000000.0,5000.0,10.0,0,0,-0.178,0.28,2,1.0,4.5,1.0,3.621,0
Surrey,OTHER,1507.9,1507.9,100,50000000.0,5000.0,10.0,0,0,-0.179,0.278,1,1.0,3.0,1.0,2.0,0
Corsica,OTHER,1507.9,1507.9,100,50000000.0,5000.0,10.0,0,0,-0.179,0.278,8,0.375,1.0,0.625,0.158,0
Parishes of Jersey,OTHER,1507.7,1507.7,100,50000000.0,5000.0,10.0,0,0,-0.179,0.276,3,0.667,3.667,1.333,2.51,0
Canary Islands,OTHER,1505.0,1505.0,100,50000000.0,5000.0,10.0,0,0,-0.186,0.257,4,0.75,2.75,0.75,1.925,0
Donetsk PR,OTHER,1504.2,1504.2,100,50000000.0,5000.0,10.0,0,0,-0.189,0.251,6,0.333,1.333,1.167,0.415,0
Biafra,OTHER,1504.1,1504.1,100,50000000.0,5000.0,10.0,0,0,-0.189,0.25,3,0.667,0.667,0.333,0.335,0
Solomon Islands,OTHER,1502.9,1502.9,100,50000000.0,5000.0,10.0,0,0,-0.192,0.241,176,0.443,2.222,1.693,-1.41,0
Mapuche,OTHER,1502.5,1502.5,100,50000000.0,5000.0,10.0,0,0,-0.193,0.238,2,0.5,1.5,1.0,0.501,0
Székely Land,OTHER,1501.7,1501.7,100,50000000.0,5000.0,10.0,0,0,-0.196,0.232,27,0.333,2.074,2.074,2.958,0
Sealand,OTHER,1501.7,1501.7,100,50000000.0,5000.0,10.0,0,0,-0.196,0.232,12,0.333,2.25,2.5,0.411,0
Délvidék,OTHER,1501.6,1501.6,100,50000000.0,5000.0,10.0,0,0,-0.196,0.232,2,0.5,2.0,1.5,0.497,0
Tajikistan,OTHER,1501.4,1501.4,100,50000000.0,5000.0,10.0,0,0,-0.196,0.23,201,0.388,1.488,1.383,0.838,0
Felvidék,OTHER,1501.1,1501.1,100,50000000.0,5000.0,10.0,0,0,-0.197,0.228,12,0.417,1.167,1.667,-0.184,0
Shetland,OTHER,1501.0,1501.0,100,50000000.0,5000.0,10.0,0,0,-0.197,0.227,54,0.389,1.852,1.852,0.109,0
Brittany,OTHER,1500.9,1500.9,100,50000000.0,5000.0,10.0,0,0,-0.198,0.226,6,0.5,1.167,1.0,0.45,0
Vietnam,AFC,1500.6,1500.6,23,120000000.0,33147.0,44.0,0,0,-0.198,0.393,294,0.432,1.636,1.354,1.23,0
Silesia,OTHER,1500.5,1500.5,100,50000000.0,5000.0,10.0,0,0,-0.199,0.224,1,0.0,1.0,1.0,0.0,0
Crimea,OTHER,1500.3,1500.3,100,50000000.0,5000.0,10.0,0,0,-0.199,0.222,5,0.6,1.4,2.2,-0.798,0
Galicia,OTHER,1498.5,1498.5,100,50000000.0,5000.0,10.0,0,0,-0.204,0.209,8,0.375,1.5,2.125,-1.995,0
Lebanon,OTHER,1498.2,1498.2,100,50000000.0,5000.0,10.0,0,0,-0.205,0.206,300,0.28,1.143,1.337,0.993,0
Gambia,OTHER,1497.9,1497.9,100,50000000.0,5000.0,10.0,0,0,-0.206,0.204,177,0.282,1.045,1.266,0.331,0
Saugeais,OTHER,1497.9,1497.9,100,50000000.0,5000.0,10.0,0,0,-0.206,0.204,1,0.0,1.0,1.0,0.0,0
Republic of St. Pauli,OTHER,1497.1,1497.1,100,50000000.0,5000.0,10.0,0,0,-0.208,0.198,4,0.25,2.5,1.25,1.244,0
Indonesia,AFC,1497.0,1497.0,23,120000000.0,33147.0,44.0,0,0,-0.208,0.365,346,0.387,1.671,1.512,0.345,0
Cilento,OTHER,1495.8,1495.8,100,50000000.0,5000.0,10.0,0,0,-0.212,0.188,1,0.0,0.0,2.0,-2.0,0
Yoruba Nation,OTHER,1495.7,1495.7,100,50000000.0,5000.0,10.0,0,0,-0.212,0.188,2,0.0,0.5,1.0,-0.501,0
Gotland,OTHER,1495.3,1495.3,100,50000000.0,5000.0,10.0,0,0,-0.213,0.185,30,0.367,2.7,1.9,2.054,0
Madrid,OTHER,1495.1,1495.1,100,50000000.0,5000.0,10.0,0,0,-0.214,0.184,1,0.0,1.0,2.0,-1.0,0
Franconia,OTHER,1494.7,1494.7,100,50000000.0,5000.0,10.0,0,0,-0.215,0.18,3,0.667,2.667,3.667,0.571,0
Luhansk PR,OTHER,1494.7,1494.7,100,50000000.0,5000.0,10.0,0,0,-0.215,0.181,6,0.333,1.5,2.0,-0.337,0
Seborga,OTHER,1494.6,1494.6,100,50000000.0,5000.0,10.0,0,0,-0.215,0.18,1,0.0,2.0,3.0,-1.0,0
Vanuatu,OTHER,1494.1,1494.1,100,50000000.0,5000.0,10.0,0,0,-0.216,0.176,151,0.364,1.874,1.841,-0.383,0
Matabeleland,OTHER,1493.4,1493.4,100,50000000.0,5000.0,10.0,0,0,-0.218,0.171,8,0.375,0.875,1.75,-0.135,0
Åland Islands,OTHER,1492.5,1492.5,100,50000000.0,5000.0,10.0,0,0,-0.221,0.165,47,0.404,1.426,1.574,-1.706,0
Somaliland,OTHER,1491.2,1491.2,100,50000000.0,5000.0,10.0,0,0,-0.224,0.155,6,0.333,2.333,3.333,-2.729,0
Malaysia,OTHER,1491.1,1491.1,100,50000000.0,5000.0,10.0,0,0,-0.225,0.154,367,0.365,1.52,1.477,0.955,0
Dominican Republic,OTHER,1490.4,1490.4,100,50000000.0,5000.0,10.0,0,0,-0.226,0.149,151,0.404,1.735,1.589,0.545,0
Aymara,OTHER,1489.3,1489.3,100,50000000.0,5000.0,10.0,0,0,-0.229,0.141,2,0.0,0.5,2.0,-1.5,0
Kuwait,OTHER,1489.2,1489.2,100,50000000.0,5000.0,10.0,0,0,-0.23,0.14,470,0.379,1.489,1.166,-0.574,0
Papua New Guinea,OTHER,1488.5,1488.5,100,50000000.0,5000.0,10.0,0,0,-0.232,0.135,103,0.32,1.883,1.786,0.059,0
Zimbabwe,OTHER,1488.1,1488.1,100,50000000.0,5000.0,10.0,0,0,-0.233,0.132,365,0.381,1.304,1.148,-0.224,0
Hmong,OTHER,1488.0,1488.0,100,50000000.0,5000.0,10.0,0,0,-0.233,0.131,3,0.333,2.0,3.333,-1.334,0
Guyana,OTHER,1487.9,1487.9,100,50000000.0,5000.0,10.0,0,0,-0.233,0.13,184,0.38,1.587,1.679,0.695,0
Mozambique,OTHER,1487.3,1487.3,100,50000000.0,5000.0,10.0,0,0,-0.235,0.126,325,0.329,1.025,1.222,-0.651,0
West Papua,OTHER,1486.9,1486.9,100,50000000.0,5000.0,10.0,0,0,-0.236,0.123,2,0.0,1.5,4.5,-0.638,0
Ryūkyū,OTHER,1486.1,1486.1,100,50000000.0,5000.0,10.0,0,0,-0.238,0.117,1,0.0,0.0,9.0,-9.0,0
Greenland,OTHER,1484.7,1484.7,100,50000000.0,5000.0,10.0,0,0,-0.242,0.106,66,0.364,2.061,2.0,-2.283,0
Romani people,OTHER,1484.4,1484.4,100,50000000.0,5000.0,10.0,0,0,-0.243,0.104,7,0.286,1.857,3.714,-1.556,0
Kabylia,OTHER,1483.7,1483.7,100,50000000.0,5000.0,10.0,0,0,-0.245,0.099,6,0.167,1.333,2.5,-1.151,0
East Turkestan,OTHER,1482.6,1482.6,100,50000000.0,5000.0,10.0,0,0,-0.248,0.091,5,0.4,3.0,3.2,-1.301,0
South Ossetia,OTHER,1480.5,1480.5,100,50000000.0,5000.0,10.0,0,0,-0.254,0.076,17,0.294,2.059,2.176,0.07,0
Găgăuzia,OTHER,1479.9,1479.9,100,50000000.0,5000.0,10.0,0,0,-0.255,0.071,3,0.0,0.667,3.0,-2.332,0
Kenya,OTHER,1479.9,1479.9,100,50000000.0,5000.0,10.0,0,0,-0.255,0.071,386,0.355,1.155,1.122,-0.271,0
Mayotte,OTHER,1479.3,1479.3,100,50000000.0,5000.0,10.0,0,0,-0.257,0.067,38,0.289,1.342,1.474,0.104,0
Marshall Islands,OTHER,1479.1,1479.1,100,50000000.0,5000.0,10.0,0,0,-0.258,0.065,2,0.0,1.0,3.5,-2.497,0
Nicaragua,OTHER,1477.5,1477.5,100,50000000.0,5000.0,10.0,0,0,-0.262,0.053,177,0.266,1.096,1.91,-1.012,0
Palau,OTHER,1475.8,1475.8,100,50000000.0,5000.0,10.0,0,0,-0.266,0.041,1,0.0,2.0,15.0,-13.0,0
Saint Barthélemy,OTHER,1475.2,1475.2,100,50000000.0,5000.0,10.0,0,0,-0.268,0.037,10,0.4,2.5,3.0,1.341,0
Chechnya,OTHER,1473.5,1473.5,100,50000000.0,5000.0,10.0,0,0,-0.273,0.023,3,0.0,1.0,9.667,-9.078,0
Western Isles,OTHER,1471.7,1471.7,100,50000000.0,5000.0,10.0,0,0,-0.278,0.011,34,0.382,1.5,2.265,-0.296,0
Kyrgyzstan,OTHER,1470.9,1470.9,100,50000000.0,5000.0,10.0,0,0,-0.28,0.004,189,0.302,1.164,1.693,-0.498,0
Belarus,OTHER,1465.4,1465.4,100,50000000.0,5000.0,10.0,0,0,-0.295,-0.036,301,0.296,1.133,1.449,-0.056,0
Cuba,OTHER,1463.1,1463.1,100,50000000.0,5000.0,10.0,0,0,-0.301,-0.053,276,0.38,1.384,1.464,-0.445,0
Turkmenistan,OTHER,1462.5,1462.5,100,50000000.0,5000.0,10.0,0,0,-0.303,-0.058,175,0.366,1.514,1.52,0.093,0
Sudan,OTHER,1461.1,1461.1,100,50000000.0,5000.0,10.0,0,0,-0.307,-0.068,342,0.304,1.003,1.319,-0.954,0
Provence,OTHER,1460.2,1460.2,100,50000000.0,5000.0,10.0,0,0,-0.309,-0.075,21,0.381,3.476,2.571,4.336,0
Vatican City,OTHER,1460.0,1460.0,100,50000000.0,5000.0,10.0,0,0,-0.31,-0.076,8,0.0,0.75,2.625,-1.744,0
Madagascar,OTHER,1459.8,1459.8,100,50000000.0,5000.0,10.0,0,0,-0.31,-0.078,227,0.33,1.185,1.326,-0.043,0
Togo,OTHER,1459.5,1459.5,100,50000000.0,5000.0,10.0,0,3,-0.156,0.122,308,0.305,1.052,1.308,0.132,0
Western Sahara,OTHER,1458.1,1458.1,100,50000000.0,5000.0,10.0,0,0,-0.315,-0.09,9,0.222,1.778,4.222,-4.036,0
Sierra Leone,OTHER,1456.5,1456.5,100,50000000.0,5000.0,10.0,0,0,-0.319,-0.102,194,0.299,0.912,1.299,-0.242,0
Montenegro,UEFA,1455.0,1455.0,24,280000000.0,33388.0,10.25,0,0,-0.323,0.011,167,0.341,1.192,1.353,-0.427,0
Bulgaria,OTHER,1454.6,1454.6,100,50000000.0,5000.0,10.0,0,10,0.193,0.557,343,0.367,1.257,1.309,-0.612,0
Namibia,OTHER,1452.6,1452.6,100,50000000.0,5000.0,10.0,0,0,-0.33,-0.131,278,0.252,0.982,1.424,-0.956,0
Ticino,OTHER,1451.1,1451.1,100,50000000.0,5000.0,10.0,0,0,-0.334,-0.142,2,0.0,1.0,6.5,-5.429,0
Equatorial Guinea,OTHER,1449.1,1449.1,100,50000000.0,5000.0,10.0,0,0,-0.34,-0.157,162,0.296,0.914,1.432,-0.55,0
Monaco,OTHER,1448.6,1448.6,100,50000000.0,5000.0,10.0,0,0,-0.341,-0.16,24,0.333,1.708,3.667,-0.795,0
Niger,OTHER,1445.7,1445.7,100,50000000.0,5000.0,10.0,0,0,-0.349,-0.182,199,0.241,0.985,1.578,0.008,0
Orkney,OTHER,1444.3,1444.3,100,50000000.0,5000.0,10.0,0,0,-0.353,-0.192,28,0.321,1.357,3.0,0.6,0
Tanzania,OTHER,1444.1,1444.1,100,50000000.0,5000.0,10.0,0,0,-0.353,-0.194,368,0.28,0.989,1.264,-0.264,0
Comoros,OTHER,1443.6,1443.6,100,50000000.0,5000.0,10.0,0,0,-0.355,-0.197,145,0.241,0.883,1.572,-0.363,0
Saint Helena,OTHER,1442.7,1442.7,100,50000000.0,5000.0,10.0,0,0,-0.357,-0.204,8,0.0,0.75,5.125,-3.818,0
Mauritania,OTHER,1441.8,1441.8,100,50000000.0,5000.0,10.0,0,0,-0.359,-0.21,200,0.23,0.735,1.355,-0.5,0
Micronesia,OTHER,1439.6,1439.6,100,50000000.0,5000.0,10.0,0,0,-0.366,-0.227,7,0.143,1.143,8.429,-12.392,0
Wallis Islands and Futuna,OTHER,1439.4,1439.4,100,50000000.0,5000.0,10.0,0,0,-0.366,-0.229,9,0.111,0.778,6.222,-8.291,0
Sark,OTHER,1435.9,1435.9,100,50000000.0,5000.0,10.0,0,0,-0.376,-0.254,4,0.0,0.0,17.5,-17.495,0
Malawi,OTHER,1435.2,1435.2,100,50000000.0,5000.0,10.0,0,0,-0.378,-0.259,377,0.292,0.968,1.231,-0.199,0
Chagos Islands,OTHER,1434.5,1434.5,100,50000000.0,5000.0,10.0,0,0,-0.38,-0.265,16,0.188,1.75,4.75,-4.954,0
Barawa,OTHER,1431.7,1431.7,100,50000000.0,5000.0,10.0,0,0,-0.387,-0.285,12,0.25,1.333,3.833,-2.694,0
Rwanda,OTHER,1430.9,1430.9,100,50000000.0,5000.0,10.0,0,0,-0.389,-0.291,270,0.315,1.041,1.174,-0.051,0
Two Sicilies,OTHER,1429.7,1429.7,100,50000000.0,5000.0,10.0,0,0,-0.393,-0.3,6,0.167,0.5,3.0,-4.502,0
Hitra,OTHER,1426.8,1426.8,100,50000000.0,5000.0,10.0,0,0,-0.401,-0.321,23,0.261,1.609,4.0,0.717,0
Gozo,OTHER,1426.5,1426.5,100,50000000.0,5000.0,10.0,0,0,-0.401,-0.324,14,0.286,2.214,2.0,-0.376,0
Burundi,OTHER,1420.5,1420.5,100,50000000.0,5000.0,10.0,0,0,-0.418,-0.368,201,0.308,1.085,1.274,-1.075,0
Liberia,OTHER,1420.0,1420.0,100,50000000.0,5000.0,10.0,0,0,-0.419,-0.372,201,0.274,0.935,1.502,-0.389,0
Kiribati,OTHER,1419.4,1419.4,100,50000000.0,5000.0,10.0,0,0,-0.421,-0.376,8,0.0,0.5,10.75,-11.011,0
Saint Pierre and Miquelon,OTHER,1418.4,1418.4,100,50000000.0,5000.0,10.0,0,0,-0.424,-0.384,7,0.0,0.286,11.143,-11.582,0
Guinea-Bissau,OTHER,1411.9,1411.9,100,50000000.0,5000.0,10.0,0,0,-0.441,-0.432,139,0.266,0.942,1.453,-0.955,0
Raetia,OTHER,1408.7,1408.7,100,50000000.0,5000.0,10.0,0,0,-0.45,-0.456,26,0.231,1.654,3.962,2.111,0
Ethiopia,OTHER,1408.7,1408.7,100,50000000.0,5000.0,10.0,0,0,-0.45,-0.455,253,0.32,1.162,1.462,-0.479,0
Saare County,OTHER,1408.4,1408.4,100,50000000.0,5000.0,10.0,0,0,-0.451,-0.458,35,0.143,1.171,2.543,-0.012,0
Botswana,OTHER,1406.2,1406.2,100,50000000.0,5000.0,10.0,0,0,-0.457,-0.474,313,0.278,0.812,1.179,-1.061,0
Bermuda,OTHER,1405.3,1405.3,100,50000000.0,5000.0,10.0,0,0,-0.459,-0.48,159,0.39,1.818,1.635,-1.039,0
Puerto Rico,OTHER,1400.8,1400.8,100,50000000.0,5000.0,10.0,0,0,-0.472,-0.514,122,0.32,1.5,1.811,-0.057,0
Philippines,OTHER,1400.6,1400.6,100,50000000.0,5000.0,10.0,0,0,-0.472,-0.516,250,0.312,1.244,1.856,1.359,0
Sint Maarten,OTHER,1396.7,1396.7,100,50000000.0,5000.0,10.0,0,0,-0.483,-0.544,57,0.351,1.509,2.439,-0.55,0
Saint Kitts and Nevis,OTHER,1395.5,1395.5,100,50000000.0,5000.0,10.0,0,0,-0.486,-0.553,213,0.404,1.756,1.592,-0.455,0
Ambazonia,OTHER,1394.5,1394.5,100,50000000.0,5000.0,10.0,0,0,-0.489,-0.56,6,0.0,0.5,2.833,-2.558,0
Saint Vincent and the Grenadines,OTHER,1391.1,1391.1,100,50000000.0,5000.0,10.0,0,0,-0.498,-0.585,173,0.353,1.578,2.052,0.938,0
Hong Kong,OTHER,1388.9,1388.9,100,50000000.0,5000.0,10.0,0,0,-0.504,-0.602,253,0.316,1.466,1.609,1.084,0
Congo,OTHER,1388.7,1388.7,100,50000000.0,5000.0,10.0,0,0,-0.505,-0.603,236,0.288,1.025,1.356,-1.333,0
Armenia,UEFA,1388.2,1388.2,24,280000000.0,33388.0,10.25,0,0,-0.506,-0.483,271,0.24,1.011,1.83,-1.521,0
Tibet,OTHER,1387.6,1387.6,100,50000000.0,5000.0,10.0,0,0,-0.508,-0.611,21,0.048,1.429,5.762,-2.56,0
Kazakhstan,OTHER,1386.8,1386.8,100,50000000.0,5000.0,10.0,0,0,-0.51,-0.617,268,0.261,1.149,1.657,-0.671,0
Central African Republic,OTHER,1384.7,1384.7,100,50000000.0,5000.0,10.0,0,0,-0.516,-0.633,105,0.238,1.057,1.743,-1.142,0
Yemen,OTHER,1384.7,1384.7,100,50000000.0,5000.0,10.0,0,0,-0.516,-0.633,232,0.224,1.047,1.78,1.45,0
India,AFC,1375.3,1375.3,23,120000000.0,33147.0,44.0,0,0,-0.542,-0.567,302,0.354,1.318,1.497,-0.79,0
Tuvalu,OTHER,1374.9,1374.9,100,50000000.0,5000.0,10.0,0,0,-0.543,-0.706,34,0.206,1.029,4.882,-1.036,0
Lesotho,OTHER,1374.3,1374.3,100,50000000.0,5000.0,10.0,0,0,-0.544,-0.71,264,0.189,0.78,1.473,-0.79,0
Falkland Islands,OTHER,1368.0,1368.0,100,50000000.0,5000.0,10.0,0,0,-0.562,-0.756,33,0.182,0.939,3.667,-2.495,0
Samoa,OTHER,1367.2,1367.2,100,50000000.0,5000.0,10.0,0,0,-0.564,-0.762,58,0.362,1.5,3.017,-1.144,0
Singapore,OTHER,1364.2,1364.2,100,50000000.0,5000.0,10.0,0,0,-0.572,-0.784,380,0.371,1.361,1.511,0.314,0
Frøya,OTHER,1364.1,1364.1,100,50000000.0,5000.0,10.0,0,0,-0.572,-0.785,37,0.189,1.622,3.946,-4.471,0
Estonia,OTHER,1359.0,1359.0,100,50000000.0,5000.0,10.0,0,0,-0.586,-0.823,430,0.247,0.872,1.7,-0.705,0
Grenada,OTHER,1358.2,1358.2,100,50000000.0,5000.0,10.0,0,0,-0.588,-0.829,201,0.299,1.512,1.955,-0.752,0
Belize,OTHER,1358.0,1358.0,100,50000000.0,5000.0,10.0,0,0,-0.589,-0.83,120,0.258,1.108,1.925,-0.49,0
Saint Lucia,OTHER,1344.1,1344.1,100,50000000.0,5000.0,10.0,0,0,-0.627,-0.933,183,0.355,1.399,1.842,-1.773,0
Afghanistan,OTHER,1335.3,1335.3,100,50000000.0,5000.0,10.0,0,0,-0.651,-0.998,126,0.278,1.024,1.77,-0.965,0
Azerbaijan,UEFA,1334.9,1334.9,24,280000000.0,33388.0,10.25,0,0,-0.652,-0.878,309,0.197,0.77,1.68,-1.06,0
Bonaire,OTHER,1334.8,1334.8,100,50000000.0,5000.0,10.0,0,0,-0.652,-1.002,44,0.318,1.432,2.477,-1.145,0
Saint Martin,OTHER,1334.2,1334.2,100,50000000.0,5000.0,10.0,0,0,-0.654,-1.007,68,0.368,1.485,2.456,0.25,0
Darfur,OTHER,1329.6,1329.6,100,50000000.0,5000.0,10.0,0,0,-0.667,-1.04,7,0.0,0.143,14.143,-14.77,0
Antigua and Barbuda,OTHER,1327.6,1327.6,100,50000000.0,5000.0,10.0,0,0,-0.672,-1.055,199,0.317,1.392,1.799,-1.798,0
Luxembourg,OTHER,1324.1,1324.1,100,50000000.0,5000.0,10.0,0,0,-0.682,-1.081,291,0.131,0.591,2.155,-1.119,0
Eswatini,OTHER,1319.7,1319.7,100,50000000.0,5000.0,10.0,0,0,-0.694,-1.113,253,0.206,0.842,1.593,-1.32,0
Eritrea,OTHER,1316.0,1316.0,100,50000000.0,5000.0,10.0,0,0,-0.704,-1.141,71,0.155,0.676,1.704,-1.546,0
Montserrat,OTHER,1311.3,1311.3,100,50000000.0,5000.0,10.0,0,0,-0.717,-1.175,66,0.258,1.091,2.955,-1.19,0
Dominica,OTHER,1310.0,1310.0,100,50000000.0,5000.0,10.0,0,0,-0.721,-1.185,149,0.262,1.181,2.034,-1.086,0
Cook Islands,OTHER,1307.6,1307.6,100,50000000.0,5000.0,10.0,0,0,-0.727,-1.203,50,0.22,0.82,4.06,-2.573,0
Lithuania,OTHER,1304.2,1304.2,100,50000000.0,5000.0,10.0,0,0,-0.736,-1.228,345,0.249,0.913,1.629,-1.005,0
South Sudan,OTHER,1303.3,1303.3,100,50000000.0,5000.0,10.0,0,0,-0.739,-1.235,78,0.154,0.641,1.821,-1.355,0
Barbados,OTHER,1301.7,1301.7,100,50000000.0,5000.0,10.0,0,0,-0.743,-1.247,217,0.341,1.396,1.659,-0.698,0
Latvia,OTHER,1301.1,1301.1,100,50000000.0,5000.0,10.0,0,0,-0.745,-1.251,353,0.249,0.992,1.51,-0.931,0
Cyprus,OTHER,1299.7,1299.7,100,50000000.0,5000.0,10.0,0,0,-0.749,-1.261,311,0.248,1.039,1.884,-0.25,0
Aruba,OTHER,1299.1,1299.1,100,50000000.0,5000.0,10.0,0,0,-0.75,-1.266,95,0.232,1.295,2.337,-0.239,0
Chad,OTHER,1294.8,1294.8,100,50000000.0,5000.0,10.0,0,0,-0.762,-1.297,109,0.183,0.761,1.67,-1.11,0
Faroe Islands,OTHER,1271.9,1271.9,100,50000000.0,5000.0,10.0,0,0,-0.825,-1.467,263,0.183,0.76,2.24,0.183,0
Alderney,OTHER,1269.0,1269.0,100,50000000.0,5000.0,10.0,0,0,-0.833,-1.488,57,0.053,0.596,4.456,-3.07,0
Tonga,OTHER,1262.1,1262.1,100,50000000.0,5000.0,10.0,0,0,-0.852,-1.539,61,0.23,1.148,3.689,-1.245,0
Northern Mariana Islands,OTHER,1254.1,1254.1,100,50000000.0,5000.0,10.0,0,0,-0.873,-1.598,30,0.133,0.9,4.3,-1.95,0
Myanmar,OTHER,1249.6,1249.6,100,50000000.0,5000.0,10.0,0,0,-0.886,-1.631,258,0.326,1.318,2.035,-1.012,0
São Tomé and Príncipe,OTHER,1248.6,1248.6,100,50000000.0,5000.0,10.0,0,0,-0.889,-1.639,63,0.143,0.667,2.556,-2.047,0
Mauritius,OTHER,1246.3,1246.3,100,50000000.0,5000.0,10.0,0,0,-0.895,-1.656,218,0.211,0.862,1.706,-0.926,0
Bangladesh,OTHER,1239.7,1239.7,100,50000000.0,5000.0,10.0,0,0,-0.913,-1.705,230,0.274,0.878,1.696,-0.558,0
Nepal,OTHER,1236.6,1236.6,100,50000000.0,5000.0,10.0,0,0,-0.922,-1.728,212,0.245,0.868,2.052,-1.057,0
Moldova,OTHER,1234.6,1234.6,100,50000000.0,5000.0,10.0,0,0,-0.927,-1.742,298,0.191,0.802,1.748,-1.59,0
Malta,OTHER,1223.2,1223.2,100,50000000.0,5000.0,10.0,0,0,-0.958,-1.827,338,0.148,0.666,2.133,-0.888,0
Cayman Islands,OTHER,1214.7,1214.7,100,50000000.0,5000.0,10.0,0,0,-0.981,-1.89,118,0.212,0.983,2.449,-1.083,0
Turks and Caicos Islands,OTHER,1213.8,1213.8,100,50000000.0,5000.0,10.0,0,0,-0.984,-1.896,52,0.231,1.0,3.596,-0.817,0
Maldives,OTHER,1209.7,1209.7,100,50000000.0,5000.0,10.0,0,0,-0.995,-1.927,219,0.283,1.242,2.132,-1.304,0
Pakistan,OTHER,1207.9,1207.9,100,50000000.0,5000.0,10.0,0,0,-1.0,-1.94,160,0.194,0.744,2.35,-0.534,0
Taiwan,OTHER,1207.8,1207.8,100,50000000.0,5000.0,10.0,0,0,-1.0,-1.94,150,0.233,1.107,2.68,-1.799,0
Bahamas,OTHER,1201.9,1201.9,100,50000000.0,5000.0,10.0,0,0,-1.016,-1.984,66,0.212,1.136,3.106,-2.876,0
Mongolia,OTHER,1199.8,1199.8,100,50000000.0,5000.0,10.0,0,0,-1.022,-2.0,99,0.253,1.152,2.879,-2.217,0
Cambodia,OTHER,1196.8,1196.8,100,50000000.0,5000.0,10.0,0,0,-1.03,-2.022,206,0.209,1.078,2.767,0.33,0
Somalia,OTHER,1187.1,1187.1,100,50000000.0,5000.0,10.0,0,0,-1.057,-2.093,86,0.081,0.349,2.674,-1.343,0
Gibraltar,OTHER,1185.8,1185.8,100,50000000.0,5000.0,10.0,0,0,-1.061,-2.104,160,0.25,1.131,2.475,-0.476,0
American Samoa,OTHER,1184.9,1184.9,100,50000000.0,5000.0,10.0,0,0,-1.063,-2.11,48,0.062,0.542,6.438,-4.946,0
Sri Lanka,OTHER,1173.4,1173.4,100,50000000.0,5000.0,10.0,0,0,-1.094,-2.195,208,0.221,0.942,2.062,-0.507,0
Guam,OTHER,1157.1,1157.1,100,50000000.0,5000.0,10.0,0,0,-1.139,-2.315,117,0.197,1.085,4.863,-1.807,0
Djibouti,OTHER,1149.1,1149.1,100,50000000.0,5000.0,10.0,0,0,-1.161,-2.375,95,0.063,0.611,3.547,-2.252,0
United States Virgin Islands,OTHER,1147.9,1147.9,100,50000000.0,5000.0,10.0,0,0,-1.164,-2.383,78,0.128,0.692,3.782,-0.244,0
British Virgin Islands,OTHER,1145.3,1145.3,100,50000000.0,5000.0,10.0,0,0,-1.171,-2.403,119,0.168,0.933,3.0,-0.143,0
Seychelles,OTHER,1135.6,1135.6,100,50000000.0,5000.0,10.0,0,0,-1.198,-2.474,153,0.144,0.719,2.327,-4.371,0
Laos,OTHER,1132.4,1132.4,100,50000000.0,5000.0,10.0,0,0,-1.207,-2.498,185,0.211,1.07,3.011,-1.737,0
Timor-Leste,OTHER,1111.6,1111.6,100,50000000.0,5000.0,10.0,0,0,-1.264,-2.652,86,0.105,0.826,3.302,-2.211,0
Brunei,OTHER,1106.4,1106.4,100,50000000.0,5000.0,10.0,0,0,-1.278,-2.69,103,0.184,0.854,2.951,-2.264,0
Andorra,OTHER,1095.3,1095.3,100,50000000.0,5000.0,10.0,0,0,-1.308,-2.772,229,0.061,0.328,2.371,-1.162,0
Bhutan,OTHER,1081.3,1081.3,100,50000000.0,5000.0,10.0,0,0,-1.347,-2.876,101,0.109,0.574,3.703,-2.513,0
Anguilla,OTHER,1076.5,1076.5,100,50000000.0,5000.0,10.0,0,0,-1.36,-2.911,90,0.078,0.578,3.867,-2.107,0
Macau,OTHER,1063.3,1063.3,100,50000000.0,5000.0,10.0,0,0,-1.396,-3.009,121,0.14,0.818,3.165,-2.996,0
Liechtenstein,OTHER,1032.2,1032.2,100,50000000.0,5000.0,10.0,0,0,-1.481,-3.239,253,0.067,0.391,2.822,-2.462,0
San Marino,OTHER,910.7,910.7,100,50000000.0,5000.0,10.0,0,0,-1.814,-4.137,225,0.013,0.196,3.956,-2.349,0
